﻿<?xml version="1.0" encoding="utf-8"?>
<RememberMe>
  <Username>admin</Username>
  <Credentials>
    <BrowserID>3657e72d-771d-4e8f-a25c-d4f1620c5a9c</BrowserID>
    <OneTimePassword>74af23f9-f056-482e-9d1f-b44028e8bf7a</OneTimePassword>
    <CreateDT>04/22/2016 12:54:02</CreateDT>
  </Credentials>
  <Credentials>
    <BrowserID>0ccb203b-8d39-4b6f-a7c3-13f93beff892</BrowserID>
    <OneTimePassword>eae17565-8b6e-4dfd-b70d-07db61295f0b</OneTimePassword>
    <CreateDT>04/22/2016 12:54:17</CreateDT>
  </Credentials>
  <Credentials>
    <BrowserID>e77ca15c-2926-4f25-b13b-b03db526f0bd</BrowserID>
    <OneTimePassword>5713f3d8-2201-44c9-a817-e531c0713e9b</OneTimePassword>
    <CreateDT>04/22/2016 17:08:52</CreateDT>
  </Credentials>
  <Credentials>
    <BrowserID>4811d600-639e-40a1-b361-ce411fb43be8</BrowserID>
    <OneTimePassword>dc143653-7daa-4440-96cf-388666f4d138</OneTimePassword>
    <CreateDT>04/22/2016 19:14:44</CreateDT>
  </Credentials>
</RememberMe>