﻿<?xml version="1.0" encoding="utf-8"?>
<WebSettings>
  <CommonParams>
    <Param name="DataRefrRate" value="1000" descr="Data refresh rate, ms" />
    <Param name="DispEventCnt" value="100" descr="Display events count" />
    <Param name="CmdEnabled" value="true" descr="Enable commands" />
    <Param name="CmdPassword" value="true" descr="Require password on sending command" />
    <Param name="RemEnabled" value="true" descr="Allow to remember logged on user" />
    <Param name="StartPage" value="" descr="Start page after login" />
  </CommonParams>
  <Plugins>
    <Plugin fileName="PlgConfig.dll" />
    <Plugin fileName="PlgScheme.dll" />
  </Plugins>
</WebSettings>