﻿<?xml version="1.0" encoding="utf-8"?>
<ScadaCommSvcConfig>
  <!--Common Parameters-->
  <CommonParams>
    <Param name="ServerUse" value="false" descr="Use SCADA-Server" />
    <Param name="ServerHost" value="localhost" descr="SCADA-Server host or IP address" />
    <Param name="ServerPort" value="10000" descr="SCADA-Server TCP port number" />
    <Param name="ServerUser" value="ScadaComm" descr="User name for the connection to SCADA-Server" />
    <Param name="ServerPwd" value="12345" descr="User password for the connection to SCADA-Server" />
    <Param name="ServerTimeout" value="10000" descr="SCADA-Server response timeout, ms" />
    <Param name="WaitForStop" value="1000" descr="Waiting for the communication lines temrination, ms" />
    <Param name="SendAllDataPer" value="60" descr="Sending all device data period, sec" />
  </CommonParams>
  <!--Communication Lines-->
  <CommLines>
    <!--Line 1-->
    <CommLine active="true" bind="false" number="1" name="Line 1">
      <CommChannel type="Serial">
        <Param name="BaudRate" value="9600" />
        <Param name="DataBits" value="8" />
        <Param name="DtrEnable" value="false" />
        <Param name="Parity" value="None" />
        <Param name="PortName" value="COM1" />
        <Param name="RtsEnable" value="false" />
        <Param name="StopBits" value="Two" />
      </CommChannel>
      <LineParams>
        <Param name="ReqTriesCnt" value="3" descr="Device request retries count on error" />
        <Param name="CycleDelay" value="0" descr="Delay after request cycle, ms" />
        <Param name="CmdEnabled" value="false" descr="Commands enabled" />
        <Param name="DetailedLog" value="true" descr="Write detailed information to the log" />
      </LineParams>
      <CustomParams />
      <ReqSequence>
        <KP active="true" bind="true" number="1" name="Test Device" dll="KpTest.dll" address="1" callNum="" timeout="1000" delay="1000" time="00:00:00" period="00:00:00" cmdLine="" />
      </ReqSequence>
    </CommLine>
  </CommLines>
</ScadaCommSvcConfig>