﻿<?xml version="1.0" encoding="utf-8"?>
<WebSettings>
  <Param name="SrezRefrFreq" value="5" descr="Values refresh frequency, sec" />
  <Param name="EventRefrFreq" value="5" descr="Events refresh frequency, sec" />
  <Param name="EventCnt" value="50" descr="Display events count" />
  <Param name="EventFltr" value="true" descr="Set 'View' events filter by default" />
  <Param name="DiagBreak" value="90" descr="Distance between points on the diagramm to make a break, sec" />
  <Param name="CmdEnabled" value="true" descr="Enable commands" />
  <Param name="SimpleCmd" value="false" descr="Simple commands sending" />
  <Param name="RemEnabled" value="false" descr="Enable to remember logged on user" />
</WebSettings>